{"boundHSV": [[94, 61, -37], [122, 128, 183]], 
    "mean": [107.85185185185185, 94.22222222222223, 72.77777777777777], 
    "sd": [4.71957078795271, 33.49110808838152, 36.692246969275686],
    "gain": [3,3,3], 

    "pixels": [[107, 131, 37], [109, 128, 42], [106, 130, 43], [110, 115, 40], [110, 112, 41], [109, 115, 42], [105, 111, 46], [106, 108, 52], [107, 144, 53], [107, 135, 36], [104, 147, 33], [130, 26, 30], [110, 122, 44], [108, 111, 53], [105, 102, 50], [109, 122, 50], [104, 61, 112], [104, 60, 115], [104, 55, 125], [108, 65, 126], [107, 61, 122], [107, 67, 115], [106, 64, 104], [109, 70, 87], [107, 61, 122], [107, 59, 125], [107, 62, 120]]}