{"thershold_value": 100, "offsetRatio": 0.2, "dist_gain": [2, 2, 2], "colors": {"wood": {"boundHSV": [[42, 20, 20], [235, 157, 56]], "mean": [138.61904761904762, 88.52380952380952, 38.0], "sd": [48.43304282396687, 34.18941502531511, 9.007933011676826]}, "gold": {"boundHSV": [[-46, -12, 53], [95, 104, 202]], "mean": [24.38888888888889, 45.72222222222222, 127.72222222222223], "sd": [35.29579592354511, 29.026435375658583, 37.21753701856687]}, "green": {"boundHSV": [[64, 100, 86], [73, 174, 172]], "mean": [68.5909090909091, 137.0, 128.95454545454547], "sd": [2.3675666623828033, 18.27317955116435, 21.621700531741194]}, "black": {"boundHSV": [[105, 100, 6], [114, 248, 112]], "mean": [109.19148936170212, 173.95744680851064, 58.829787234042556], "sd": [2.246872984245801, 37.06001885774659, 26.58292456969577]}}}